{"schemaVersion":"1.0","appDefinitionTemplate":{"id":"/providers/Microsoft.PowerApps/apps/","type":"Microsoft.PowerApps/apps","tags":{"primaryDeviceWidth":"640","primaryDeviceHeight":"1136","supportsPortrait":"true","supportsLandscape":"true","primaryFormFactor":"Phone","showStatusBar":"false","publisherVersion":"3.24012.8","minimumRequiredApiVersion":"2.2.0","hasComponent":"false","hasUnlockedComponent":"false","isUnifiedRootApp":"false","offlineLargeFilesSupport":"false","sienaVersion":"20240117T024935Z-3.24012.8.0"},"properties":{"appVersion":"2024-01-17T02:49:35Z","lifeCycleId":"Published","createdByClientVersion":{"major":3,"minor":24012,"build":8,"revision":0,"majorRevision":0,"minorRevision":0},"minClientVersion":{"major":3,"minor":24012,"build":8,"revision":0,"majorRevision":0,"minorRevision":0},"backgroundColor":"RGBA(0,176,240,1)","backgroundImageUri":"/7902659927235293616/N49cad84b-3f34-478c-98d7-cbd4d6a079a9-logoSmallFile","displayName":"DesafioDIO","description":"","commitMessage":"","appUris":{"documentUri":{"value":"/7902659927235293616/N990d89c8-951c-419b-847c-5c1025c47e3d-document.msapp"},"imageUris":[],"additionalUris":[{"isSolutionAware":false,"value":"/7902659927235293616/N6df104b0-f47a-49a3-8446-61aea53528f5-identity.json"}]},"createdTime":"0001-01-01T00:00:00Z","lastModifiedTime":"0001-01-01T00:00:00Z","sharedGroupsCount":0,"sharedUsersCount":0,"connectionReferences":{},"databaseReferences":{"default.cds":{"databaseDetails":{"referenceType":"Environmental","environmentName":"default.cds","overrideValues":{"status":"NotSpecified","environmentVariableName":""}},"dataSources":{"Intrutores":{"entitySetName":"cr0ef_novatabelas","logicalName":"cr0ef_novatabela"},"Cursos":{"entitySetName":"cr0ef_cursos","logicalName":"cr0ef_curso"}},"actions":["providers/PowerPlatform.Governance/Operations/Read"]}},"almMode":"Environment","performanceOptimizationEnabled":true,"canConsumeAppPass":true,"enableModernRuntimeMode":false,"executionRestrictions":{"isTeamsOnly":false,"dataLossPreventionEvaluationResult":{"status":"Compliant","lastEvaluationDate":"2024-01-16T23:03:20.2709079Z","violations":[],"violationsByPolicy":[],"violationErrorMessage":"O aplicativo usa os seguintes conectores: shared_commondataservice."}}},"appType":"ClassicCanvasApp","appComponents":[]}}